variant,n_features,pr_auc,precision@20,precision@50,precision@100,recall@100,hard_neg_fpr@50,ep_precision@20,ep_precision@50,ep_recall@50,pr_auc_change
all features,26,0.4981869208362779,0.825,0.81,0.66,0.49905227454110135,0.051311550851357565,0.725,0.56,0.7682437850842021,0.0
real-time features only,20,0.509178108293681,0.925,0.81,0.72,0.5292298483639266,0.0330188679245283,0.725,0.55,0.7277465918203689,0.010991187457403129
without size,20,0.4931861134768509,0.8,0.87,0.7050000000000001,0.5175079808459697,0.009433962264150943,0.75,0.52,0.7161186848436247,-0.00500080735942704
without life and fill,22,0.5610948656039321,0.9,0.81,0.685,0.5230446927374302,0.010814542107685229,0.8,0.53,0.756214915797915,0.06290794476765416
without placement,24,0.40765118360033403,0.6000000000000001,0.73,0.66,0.5007232641660017,0.0330188679245283,0.55,0.56,0.7682437850842021,-0.09053573723594388
without cancel context,21,0.2703567011375284,0.625,0.48,0.525,0.41193635275339185,0.07823285780027611,0.5,0.47,0.6696070569366479,-0.2278302196987495
without opposite trades,25,0.4155287261240611,0.775,0.74,0.5800000000000001,0.4359786512370311,0.016912103083294983,0.7,0.51,0.6872493985565358,-0.0826581947122168
without activity window,24,0.45305681631256833,0.825,0.8500000000000001,0.67,0.5063098563447725,0.04463874827427519,0.8,0.54,0.7393744987971131,-0.04513010452370958
without episode,22,0.3950091261623897,0.7250000000000001,0.74,0.62,0.46500897845171585,0.052692130694891856,0.575,0.53,0.7221331194867683,-0.10317779467388821
without stock context,24,0.44231150230631944,0.775,0.85,0.64,0.4811951316839585,0.03992176714219972,0.7749999999999999,0.55,0.7510024057738572,-0.055875418529958476
