detector,metric,low,high
rules,pr_auc,0.11188135840340115,0.18351177170468158
rules,precision@20,0.09988095238095239,0.3337500000000001
rules,precision@50,0.09783823529411766,0.2405024509803922
rules,precision@100,0.13487500000000002,0.23000980392156864
iforest,pr_auc,0.02758085440851286,0.05288387718006663
iforest,precision@20,0.0,0.12562500000000015
iforest,precision@50,0.03,0.12
iforest,precision@100,0.02,0.08913118811881188
lgbm,pr_auc,0.4490334975155025,0.5580893768597226
lgbm,precision@20,0.7035714285714285,0.9274107142857143
lgbm,precision@50,0.7298846153846154,0.8736544117647059
lgbm,precision@100,0.5512549504950496,0.740019801980198
lgbm_rank,pr_auc,0.4766160403517756,0.5672383361982987
lgbm_rank,precision@20,0.7379166666666667,0.9545454545454546
lgbm_rank,precision@50,0.7040147058823529,0.8706029411764706
lgbm_rank,precision@100,0.5549863861386138,0.7310903465346534
