detector,pr_auc,precision@20,precision@50,precision@100,recall@100,hard_neg_fpr@50,ep_precision@20,ep_precision@50,ep_recall@50,seed
rules,0.14639329996899006,0.25,0.16,0.2,0.17857142857142858,0.0047169811320754715,0.3,0.22000000000000003,0.3628708901363272,0
iforest,0.03476452006316913,0.05,0.07,0.05,0.044642857142857144,0.02830188679245283,0.1,0.13,0.20769847634322375,0
lgbm,0.4981869208362779,0.825,0.81,0.66,0.49905227454110135,0.051311550851357565,0.725,0.56,0.7682437850842021,0
lgbm_rank,0.5205763908068375,0.9,0.8,0.645,0.48398842777334394,0.038541187298665444,0.7749999999999999,0.5700000000000001,0.7854851643945469,0
rules,0.16889215669012378,0.2,0.19,0.23,0.23232323232323232,0.0,0.275,0.19,0.35319148936170214,1
iforest,0.04021760062998156,0.025,0.04,0.04,0.04040404040404041,0.037037037037037035,0.05,0.09,0.1425531914893617,1
lgbm,0.5187676677283868,0.875,0.75,0.625,0.5182060122179882,0.04351851851851852,0.75,0.56,0.7378723404255318,1
lgbm_rank,0.5832383656831692,0.9,0.88,0.62,0.5213814794653118,0.022839506172839506,0.8500000000000001,0.56,0.7272340425531916,1
rules,0.16990818000294533,0.15,0.17,0.225,0.1355421686746988,0.0047169811320754715,0.25,0.27999999999999997,0.30459444129325014,2
iforest,0.044376968116429556,0.075,0.05,0.04,0.024096385542168676,0.04245283018867924,0.15,0.14,0.16562677254679525,2
lgbm,0.5466859298827139,0.925,0.83,0.665,0.40625,0.02666666666666667,0.825,0.63,0.7135564378899604,2
lgbm_rank,0.5612503150796784,0.975,0.86,0.73,0.4451807228915663,0.04,0.875,0.64,0.7234826999432785,2
rules,0.17646108241118358,0.225,0.19,0.22,0.1527777777777778,0.0,0.275,0.25,0.29930994824611845,3
iforest,0.04896282248203844,0.1,0.06,0.055,0.036924865394028394,0.04225352112676056,0.175,0.14,0.16906267970097758,3
lgbm,0.5066675991392495,0.975,0.91,0.72,0.4250948360254528,0.020334507042253522,0.875,0.65,0.721679125934445,3
lgbm_rank,0.5729326897445237,0.9,0.89,0.75,0.44846732745961826,0.01875,0.875,0.7,0.7892466935020126,3
rules,0.18376786945695128,0.175,0.2,0.245,0.13387978142076504,0.0,0.225,0.27,0.3164251207729468,4
iforest,0.05104033636410823,0.025,0.05,0.055,0.030054644808743168,0.05670103092783505,0.1,0.14,0.19041867954911434,4
lgbm,0.49890351617132866,0.75,0.6699999999999999,0.625,0.37742175856929955,0.08036754818467055,0.65,0.58,0.7278582930756844,4
lgbm_rank,0.5527430012718508,0.9,0.76,0.65,0.3889716840536513,0.06956521739130435,0.775,0.57,0.6908212560386473,4
